{"Type":"POMDP","dim":11,"nU":4,"nO":6,"discount":0.95,"R(s,a)":[[-0.04,-0.04,-0.04,-0.04],[-0.04,-0.04,-0.04,-0.04],[-0.04,-0.04,-0.04,-0.04],[1,1,1,1],[-0.04,-0.04,-0.04,-0.04],[-0.04,-0.04,-0.04,-0.04],[-1,-1,-1,-1],[-0.04,-0.04,-0.04,-0.04],[-0.04,-0.04,-0.04,-0.04],[-0.04,-0.04,-0.04,-0.04],[-0.04,-0.04,-0.04,-0.04]],"b(s)":[0.111111,0.111111,0.111111,0,0.111111,0.111111,0,0.111112,0.111111,0.111111,0.111111],"T(a,s,sp)":[[[0.9,0.1,0,0,0,0,0,0,0,0,0],[0.1,0.8,0.1,0,0,0,0,0,0,0,0],[0,0.1,0.8,0.1,0,0,0,0,0,0,0],[0.111111,0.111111,0.111111,0,0.111111,0.111111,0,0.111112,0.111111,0.111111,0.111111],[0.8,0,0,0,0.2,0,0,0,0,0,0],[0,0,0.8,0,0,0.1,0.1,0,0,0,0],[0.111111,0.111111,0.111111,0,0.111111,0.111111,0,0.111112,0.111111,0.111111,0.111111],[0,0,0,0,0.8,0,0,0.1,0.1,0,0],[0,0,0,0,0,0,0,0.1,0.8,0.1,0],[0,0,0,0,0,0.8,0,0,0.1,0,0.1],[0,0,0,0,0,0,0.8,0,0,0.1,0.1]],[[0.1,0.1,0,0,0.8,0,0,0,0,0,0],[0.1,0.8,0.1,0,0,0,0,0,0,0,0],[0,0.1,0,0.1,0,0.8,0,0,0,0,0],[0.111111,0.111111,0.111111,0,0.111111,0.111111,0,0.111112,0.111111,0.111111,0.111111],[0,0,0,0,0.2,0,0,0.8,0,0,0],[0,0,0,0,0,0.1,0.1,0,0,0.8,0],[0.111111,0.111111,0.111111,0,0.111111,0.111111,0,0.111112,0.111111,0.111111,0.111111],[0,0,0,0,0,0,0,0.9,0.1,0,0],[0,0,0,0,0,0,0,0.1,0.8,0.1,0],[0,0,0,0,0,0,0,0,0.1,0.8,0.1],[0,0,0,0,0,0,0,0,0,0.1,0.9]],[[0.1,0.8,0,0,0.1,0,0,0,0,0,0],[0,0.2,0.8,0,0,0,0,0,0,0,0],[0,0,0.1,0.8,0,0.1,0,0,0,0,0],[0.111111,0.111111,0.111111,0,0.111111,0.111111,0,0.111112,0.111111,0.111111,0.111111],[0.1,0,0,0,0.8,0,0,0.1,0,0,0],[0,0,0.1,0,0,0,0.8,0,0,0.1,0],[0.111111,0.111111,0.111111,0,0.111111,0.111111,0,0.111112,0.111111,0.111111,0.111111],[0,0,0,0,0.1,0,0,0.1,0.8,0,0],[0,0,0,0,0,0,0,0,0.2,0.8,0],[0,0,0,0,0,0.1,0,0,0.1,0,0.8],[0,0,0,0,0,0,0.1,0,0,0,0.9]],[[0.9,0,0,0,0.1,0,0,0,0,0,0],[0.8,0.2,0,0,0,0,0,0,0,0,0],[0,0.8,0.1,0,0,0.1,0,0,0,0,0],[0.111111,0.111111,0.111111,0,0.111111,0.111111,0,0.111112,0.111111,0.111111,0.111111],[0.1,0,0,0,0.8,0,0,0.1,0,0,0],[0,0,0.1,0,0,0.8,0,0,0,0.1,0],[0.111111,0.111111,0.111111,0,0.111111,0.111111,0,0.111112,0.111111,0.111111,0.111111],[0,0,0,0,0.1,0,0,0.9,0,0,0],[0,0,0,0,0,0,0,0.8,0.2,0,0],[0,0,0,0,0,0.1,0,0,0.8,0.1,0],[0,0,0,0,0,0,0.1,0,0,0.8,0.1]]],"O(a,sp,o)":[[[1,0,0,0,0,0],[0,0,1,0,0,0],[0,0,1,0,0,0],[0,0,0,0,1,0],[0,0,0,1,0,0],[1,0,0,0,0,0],[0,0,0,0,0,1],[1,0,0,0,0,0],[0,0,1,0,0,0],[0,0,1,0,0,0],[0,1,0,0,0,0]],[[1,0,0,0,0,0],[0,0,1,0,0,0],[0,0,1,0,0,0],[0,0,0,0,1,0],[0,0,0,1,0,0],[1,0,0,0,0,0],[0,0,0,0,0,1],[1,0,0,0,0,0],[0,0,1,0,0,0],[0,0,1,0,0,0],[0,1,0,0,0,0]],[[1,0,0,0,0,0],[0,0,1,0,0,0],[0,0,1,0,0,0],[0,0,0,0,1,0],[0,0,0,1,0,0],[1,0,0,0,0,0],[0,0,0,0,0,1],[1,0,0,0,0,0],[0,0,1,0,0,0],[0,0,1,0,0,0],[0,1,0,0,0,0]],[[1,0,0,0,0,0],[0,0,1,0,0,0],[0,0,1,0,0,0],[0,0,0,0,1,0],[0,0,0,1,0,0],[1,0,0,0,0,0],[0,0,0,0,0,1],[1,0,0,0,0,0],[0,0,1,0,0,0],[0,0,1,0,0,0],[0,1,0,0,0,0]]]}
