{"Type":"POMDP","dim":7,"nU":4,"nO":2,"discount":0.95,"R(s,a)":[[-20,-20,-20,-40],[0,0,0,-40],[20,20,20,-40],[40,40,40,-40],[60,60,60,-40],[80,80,80,-40],[-20,-20,-20,-40]],"b(s)":[0.142857,0.142857,0.142857,0.142857,0.142857,0.142857,0.142857],"T(a,s,sp)":[[[0.5,0.3,0.1,0.1,0,0,0],[0.2,0.3,0.3,0.1,0.1,0,0],[0.1,0.1,0.3,0.3,0.1,0.1,0],[0,0.1,0.1,0.3,0.3,0.1,0.1],[0,0,0.1,0.1,0.3,0.3,0.2],[0,0,0,0.1,0.1,0.3,0.5],[0,0,0,0,0,0,1]],[[0.7,0.2,0.1,0,0,0,0],[0.3,0.4,0.2,0.1,0,0,0],[0.1,0.2,0.4,0.2,0.1,0,0],[0,0.1,0.2,0.4,0.2,0.1,0],[0,0,0.1,0.2,0.4,0.2,0.1],[0,0,0,0.1,0.2,0.4,0.3],[0,0,0,0,0,0,1]],[[0.8,0.1,0.1,0,0,0,0],[0.5,0.3,0.1,0.1,0,0,0],[0.2,0.3,0.3,0.1,0.1,0,0],[0.1,0.1,0.3,0.3,0.1,0.1,0],[0.1,0,0.1,0.3,0.3,0.1,0.1],[0,0.1,0,0.1,0.3,0.3,0.2],[0,0,0,0,0,0,1]],[[1,0,0,0,0,0,0],[1,0,0,0,0,0,0],[1,0,0,0,0,0,0],[1,0,0,0,0,0,0],[1,0,0,0,0,0,0],[1,0,0,0,0,0,0],[1,0,0,0,0,0,0]]],"O(a,sp,o)":[[[1,0],[1,0],[1,0],[0.9,0.1],[0.7,0.3],[0.5,0.5],[0,1]],[[1,0],[1,0],[1,0],[0.9,0.1],[0.7,0.3],[0.5,0.5],[0,1]],[[1,0],[1,0],[1,0],[0.9,0.1],[0.7,0.3],[0.5,0.5],[0,1]],[[1,0],[1,0],[1,0],[0.9,0.1],[0.7,0.3],[0.5,0.5],[0,1]]]}
